Category,Country,Name
Player Given Name,usa,A'ja
Player Given Name,usa,Breanna
Player Given Name,usa,Chelsea
Player Given Name,usa,Jewell
Player Given Name,usa,Skylar
Player Given Name,usa,Nneka
Player Given Name,usa,Chiney
Player Given Name,usa,Candace
Player Given Name,usa,Brittney
Player Given Name,usa,Diana
Player Given Name,usa,Kahleah
Player Given Name,usa,Alyssa
Player Given Name,usa,Napheesa
Player Given Name,usa,Sabrina
Player Given Name,usa,Jonquel
Player Given Name,usa,Natasha
Player Given Name,usa,Dearica
Player Given Name,usa,Allisha
Player Given Name,usa,Kayla
Player Given Name,usa,Kelsey
Player Given Name,usa,Tiffany
Player Given Name,usa,Sylvia
Player Given Name,usa,Tamika
Player Given Name,usa,Lisa
Player Given Name,usa,Tina
Player Given Name,usa,Seimone
Player Given Name,usa,Angel
Player Given Name,usa,Caitlin
Player Given Name,usa,Kamilla
Player Given Name,usa,Aliyah
Player Given Name,usa,Lexie
Player Given Name,usa,Kaitlyn
Player Given Name,usa,Sydney
Player Given Name,usa,Destanni
Player Given Name,usa,Tyasha
Player Given Name,usa,Crystal
Player Given Name,usa,Rhyne
Player Given Name,usa,Jackie
Player Given Name,usa,NaLyssa
Player Given Name,usa,Shakira
Player Given Name,usa,Jasmine
Player Given Name,usa,Diamond
Player Given Name,usa,Asia
Player Given Name,usa,Brianna
Player Given Name,usa,Kiah
Player Given Name,usa,Layshia
Player Given Name,usa,Tierra
Player Given Name,usa,Courtney
Player Given Name,usa,Kysre
Player Given Name,usa,Chennedy
Player Given Name,usa,Lexie
Player Given Name,usa,Azura
Player Given Name,usa,Michaela
Player Given Name,usa,Myisha
Player Given Name,usa,Kaila
Player Given Name,usa,Aerial
Player Given Name,usa,Lexie
Player Given Name,usa,Teaira
Player Given Name,usa,Isabelle
Player Given Name,usa,Satou
Player Given Name,usa,Odyssey
Player Given Name,usa,Theresa
Player Given Name,usa,Monique
Player Given Name,usa,Dantas
Player Given Name,usa,Glory
Player Given Name,usa,DeWanna
Player Given Name,usa,Bria
Player Given Name,usa,Jordin
Player Given Name,usa,Imani
Player Given Name,usa,Alexis
Player Given Name,usa,Kia
Player Given Name,usa,Nikki
Player Given Name,usa,Tasia
Player Given Name,usa,Camille
Player Given Name,usa,Elena
Player Given Name,usa,Epiphanny
Player Given Name,usa,Cappie
Player Given Name,usa,Swin
Player Given Name,usa,Tanisha
Player Given Name,usa,Kara
Player Given Name,usa,Taj
Player Given Name,usa,Ruth
Player Given Name,usa,Chamique
Player Given Name,usa,Alana
Player Given Name,usa,Clarissa
Player Given Name,usa,Erika
Player Given Name,usa,Iziane
Player Given Name,usa,Taina
Player Given Name,usa,Stephanie
Player Given Name,usa,Joice
Player Given Name,usa,Micaela
Player Given Name,usa,Victoria
Player Given Name,usa,Alana
Player Given Name,usa,Leticia
Player Given Name,usa,Sassá
Player Given Name,usa,Zoe
Player Given Name,usa,Olivia
Player Given Name,usa,Ava
Player Given Name,usa,Mia
Player Given Name,usa,Charlotte
Player Given Name,usa,Amelia
Player Given Name,usa,Harper
Player Given Name,usa,Evelyn
Player Given Name,usa,Abigail
Player Given Name,usa,Emily
Player Given Name,usa,Elizabeth
Player Given Name,usa,Sofia
Player Given Name,usa,Avery
Player Given Name,usa,Ella
Player Given Name,usa,Scarlett
Player Given Name,usa,Grace
Player Given Name,usa,Chloe
Player Given Name,usa,Layla
Player Given Name,usa,Riley
Player Given Name,usa,Zoey
Player Given Name,usa,Nora
Player Given Name,usa,Lily
Player Given Name,usa,Eleanor
Player Given Name,usa,Hannah
Player Given Name,usa,Lillian
Player Given Name,usa,Addison
Player Given Name,usa,Aubrey
Player Given Name,usa,Ellie
Player Given Name,usa,Stella
Player Given Name,usa,Natalie
Player Given Name,usa,Zoe
Player Given Name,usa,Leah
Player Given Name,usa,Hazel
Player Given Name,usa,Violet
Player Given Name,usa,Aurora
Player Given Name,usa,Savannah
Player Given Name,usa,Audrey
Player Given Name,usa,Brooklyn
Player Given Name,usa,Bella
Player Given Name,usa,Claire
Player Given Name,usa,Skylar
Player Given Name,usa,Lucy
Player Given Name,usa,Paisley
Player Given Name,usa,Everly
Player Given Name,usa,Anna
Player Given Name,usa,Caroline
Player Given Name,usa,Nova
Player Given Name,usa,Genesis
Player Given Name,usa,Emilia
Player Given Name,usa,Kennedy
Player Given Name,usa,Samantha
Player Given Name,usa,Maya
Player Given Name,usa,Willow
Player Given Name,usa,Kinsley
Player Given Name,usa,Naomi
Player Given Name,usa,Emily
Player Given Name,usa,Hannah
Player Given Name,usa,Madison
Player Given Name,usa,Ashley
Player Given Name,usa,Sarah
Player Given Name,usa,Alexis
Player Given Name,usa,Samantha
Player Given Name,usa,Jessica
Player Given Name,usa,Elizabeth
Player Given Name,usa,Taylor
Player Given Name,usa,Lauren
Player Given Name,usa,Alyssa
Player Given Name,usa,Kayla
Player Given Name,usa,Abigail
Player Given Name,usa,Brianna
Player Given Name,usa,Olivia
Player Given Name,usa,Emma
Player Given Name,usa,Megan
Player Given Name,usa,Grace
Player Given Name,usa,Victoria
Player Given Name,usa,Rachel
Player Given Name,usa,Anna
Player Given Name,usa,Sydney
Player Given Name,usa,Destiny
Player Given Name,usa,Morgan
Player Given Name,usa,Jennifer
Player Given Name,usa,Jasmine
Player Given Name,usa,Haley
Player Given Name,usa,Julia
Player Given Name,usa,Kaitlyn
Player Given Name,usa,Nicole
Player Given Name,usa,Amanda
Player Given Name,usa,Katherine
Player Given Name,usa,Natalie
Player Given Name,usa,Hailey
Player Given Name,usa,Alexandra
Player Given Name,usa,Savannah
Player Given Name,usa,Chloe
Player Given Name,usa,Rebecca
Player Given Name,usa,Stephanie
Player Given Name,usa,Maria
Player Given Name,usa,Sophia
Player Given Name,usa,Mackenzie
Player Given Name,usa,Allison
Player Given Name,usa,Isabella
Player Given Name,usa,Amber
Player Given Name,usa,Mary
Player Given Name,usa,Danielle
Player Given Name,usa,Gabriella
Player Given Name,usa,Jordan
Player Given Name,usa,Laura
Player Given Name,usa,Cindy
Player Given Name,usa,Kimberly
Player Given Name,usa,Michelle
Player Given Name,usa,Destinee
Player Given Name,usa,Tiana
Player Given Name,usa,Asia
Player Given Name,usa,Briana
Player Given Name,usa,Keisha
Player Given Name,usa,Latasha
Player Given Name,usa,Shauna
Player Given Name,usa,Ebony
Player Given Name,usa,Jada
Player Given Name,usa,Kiana
Player Given Name,usa,Tierra
Player Given Name,usa,Diamond
Player Given Name,usa,Shanice
Player Given Name,usa,Shania
Player Given Name,usa,Deja
Player Given Name,usa,Kiara
Player Given Name,usa,Raven
Player Given Name,usa,Simone
Player Given Name,usa,Aaliyah
Player Given Name,usa,Makayla
Player Given Name,usa,Nia
Player Given Name,usa,Alisha
Player Given Name,usa,LaToya
Player Given Name,usa,Tasha
Player Given Name,usa,Brandy
Player Given Name,usa,Tamara
Player Given Name,usa,Crystal
Player Given Name,usa,April
Player Given Name,usa,Monique
Player Given Name,usa,Nikki
Player Given Name,usa,Tanya
Player Given Name,usa,Tasha
Player Given Name,usa,Krystal
Player Given Name,usa,Keana
Player Given Name,usa,Tanesha
Player Given Name,usa,Ayanna
Player Given Name,usa,Imani
Player Given Name,usa,Jordyn
Player Given Name,usa,Kylie
Player Given Name,usa,Madeline
Player Given Name,usa,Maya
Player Given Name,usa,Paige
Player Given Name,usa,Sierra
Player Given Name,usa,Summer
Player Given Name,usa,Trinity
Player Given Name,usa,Zoe
Player Given Name,usa,Chidinma
Player Given Name,usa,Fatima
Player Given Name,usa,Noor
Player Given Name,usa,Priya
Player Given Name,usa,Ingrid
Player Given Name,usa,Freya
Player Given Name,usa,Camila
Player Given Name,usa,Valentina
Player Given Name,usa,Amara
Player Given Name,usa,Nadia
Player Given Name,usa,Yuki
Player Given Name,usa,Hana
Player Given Name,usa,Mei
Player Given Name,usa,Aiko
Player Given Name,usa,Anh
Player Given Name,usa,Linh
Player Given Name,usa,Thandiwe
Player Given Name,usa,Zanele
Player Given Name,usa,Ngozi
Player Given Name,usa,Adaeze
Player Given Name,usa,Renee
Player Given Name,usa,Marisol
Player Given Name,usa,Celeste
Player Given Name,usa,Vivienne
Player Given Name,usa,Paloma
Player Given Name,usa,Isolde
Player Given Name,usa,Serena
Player Given Name,usa,Margot
Player Given Name,usa,Orla
Player Given Name,usa,Beatrix
Player Given Name,usa,Saoirse
Player Given Name,usa,Chiara
Player Given Name,usa,Elodie
Player Given Name,usa,Tamsin
Player Given Name,usa,Cleo
Player Given Name,usa,Vesper
Player Given Name,usa,Astrid
Player Given Name,usa,Imogen
Player Given Name,usa,Petra
Player Given Name,usa,Leonie
Player Given Name,usa,Sylvie
Player Given Name,usa,Reverie
Player Given Name,usa,Maren
Player Given Name,usa,Odette
Player Given Name,usa,Thea
Player Given Name,usa,Zinnia
Player Given Name,usa,Corinne
Player Given Name,usa,Isadora
Player Given Name,usa,Brigitte
Player Given Name,usa,Catarina
Player Given Name,usa,Dagmar
Player Given Name,usa,Elspeth
Player Given Name,usa,Greta
Player Given Name,usa,Helene
Player Given Name,usa,Josefine
Player Given Name,usa,Katja
Player Given Name,usa,Liselotte
Player Given Name,usa,Mirela
Player Given Name,usa,Nadège
Player Given Name,usa,Orsolya
Player Given Name,usa,Quirine
Player Given Name,usa,Ragnhild
Player Given Name,usa,Siobhan
Player Given Name,usa,Tuulikki
Player Given Name,usa,Ulrike
Player Given Name,usa,Vendela
Player Given Name,usa,Wiesława
Player Given Name,usa,Xenia
Player Given Name,usa,Yelena
Player Given Name,usa,Zofia
Player Given Name,usa,Anneliese
Player Given Name,usa,Bríd
Player Given Name,usa,Cécile
Player Given Name,usa,Dorota
Player Given Name,usa,Geneviève
Player Given Name,usa,Chantal
Player Given Name,usa,Véronique
Player Given Name,usa,Nathalie
Player Given Name,usa,Céline
Player Given Name,usa,Dominique
Player Given Name,usa,Amélie
Player Given Name,usa,Marigold
Player Given Name,usa,Girly
Player Given Name,usa,Ashton
Player Given Name,usa,Queen
Player Given Name,usa,Wilma
Player Given Name,usa,Squid
Player Given Name,usa,Daffney
Player Given Name,usa,Yessica
Player Given Name,usa,Jess
Player Given Name,usa,Amy
Player Given Name,usa,Angela
Player Given Name,usa,Barbara
Player Given Name,usa,Betty
Player Given Name,usa,Brenda
Player Given Name,usa,Carol
Player Given Name,usa,Carolyn
Player Given Name,usa,Catherine
Player Given Name,usa,Christine
Player Given Name,usa,Cynthia
Player Given Name,usa,Deborah
Player Given Name,usa,Debra
Player Given Name,usa,Donna
Player Given Name,usa,Dorothy
Player Given Name,usa,Heather
Player Given Name,usa,Helen
Player Given Name,usa,Janet
Player Given Name,usa,Karen
Player Given Name,usa,Kathleen
Player Given Name,usa,Linda
Player Given Name,usa,Margaret
Player Given Name,usa,Melissa
Player Given Name,usa,Nancy
Player Given Name,usa,Pamela
Player Given Name,usa,Patricia
Player Given Name,usa,Sandra
Player Given Name,usa,Sharon
Player Given Name,usa,Shirley
Player Given Name,usa,Susan
Player Given Name,usa,Marge
Player Given Name,usa,Abby
Player Given Name,usa,Becky
Player Given Name,usa,Daisy
Player Given Name,usa,Holly
Player Given Name,usa,Judy
Player Given Name,usa,Kelly
Player Given Name,usa,Macy
Player Given Name,usa,Molly
Player Given Name,usa,Penny
Player Given Name,usa,Ruby
Player Given Name,usa,Sally
Player Given Name,usa,Wendy
Player Given Name,usa,Anna-Marie
Player Given Name,usa,Betty-Lou
Player Given Name,usa,Billie-Jean
Player Given Name,usa,Bobbi-Sue
Player Given Name,usa,Jo-Ann
Player Given Name,usa,Mary-Beth
Player Given Name,usa,Mary-Jane
Player Given Name,usa,Mary-Kate
Player Given Name,usa,Peggy-Sue
Player Given Name,usa,Sarah-Jane
Player Given Name,usa,Beulah
Player Given Name,usa,Clementine
Player Given Name,usa,Dixie
Player Given Name,usa,Elvira
Player Given Name,usa,Eula
Player Given Name,usa,Henrietta
Player Given Name,usa,Loretta
Player Given Name,usa,Luanne
Player Given Name,usa,Myrtle
Player Given Name,usa,Opal
Player Given Name,usa,Pearl
Player Given Name,usa,Verna
Player Given Name,usa,Velma
Player Given Name,usa,Kat
Player Given Name,usa,Mare
Player Given Name,usa,Adeline
Player Given Name,usa,Alice
Player Given Name,usa,Alicia
Player Given Name,usa,Anastasia
Player Given Name,usa,Andrea
Player Given Name,usa,Angelica
Player Given Name,usa,Anita
Player Given Name,usa,Annabelle
Player Given Name,usa,Aria
Player Given Name,usa,Ariana
Player Given Name,usa,Ariel
Player Given Name,usa,Athena
Player Given Name,usa,Autumn
Player Given Name,usa,Bailey
Player Given Name,usa,Bethany
Player Given Name,usa,Bianca
Player Given Name,usa,Blair
Player Given Name,usa,Blake
Player Given Name,usa,Bonnie
Player Given Name,usa,Brittany
Player Given Name,usa,Brooke
Player Given Name,usa,Cadence
Player Given Name,usa,Callie
Player Given Name,usa,Cameron
Player Given Name,usa,Cara
Player Given Name,usa,Carly
Player Given Name,usa,Carmen
Player Given Name,usa,Cassandra
Player Given Name,usa,Cassidy
Player Given Name,usa,Catalina
Player Given Name,usa,Cecilia
Player Given Name,usa,Celia
Player Given Name,usa,Cheyenne
Player Given Name,usa,Clara
Player Given Name,usa,Colette
Player Given Name,usa,Cora
Player Given Name,usa,Dahlia
Player Given Name,usa,Dakota
Player Given Name,usa,Dana
Player Given Name,usa,Daniela
Player Given Name,usa,Daphne
Player Given Name,usa,Darlene
Player Given Name,usa,Dawn
Player Given Name,usa,Delaney
Player Given Name,usa,Delilah
Player Given Name,usa,Diane
Player Given Name,usa,Eden
Player Given Name,usa,Edith
Player Given Name,usa,Eileen
Player Given Name,usa,Elaine
Player Given Name,usa,Eliza
Player Given Name,usa,Elsa
Player Given Name,usa,Erin
Player Given Name,usa,Esme
Player Given Name,usa,Estelle
Player Given Name,usa,Esther
Player Given Name,usa,Eva
Player Given Name,usa,Evalyn
Player Given Name,usa,Evangeline
Player Given Name,usa,Faith
Player Given Name,usa,Felicity
Player Given Name,usa,Fiona
Player Given Name,usa,Flora
Player Given Name,usa,Florence
Player Given Name,usa,Frances
Player Given Name,usa,Francine
Player Given Name,usa,Gail
Player Given Name,usa,Gemma
Player Given Name,usa,Georgia
Player Given Name,usa,Gianna
Player Given Name,usa,Gillian
Player Given Name,usa,Gina
Player Given Name,usa,Giselle
Player Given Name,usa,Gloria
Player Given Name,usa,Gwendolyn
Player Given Name,usa,Hallie
Player Given Name,usa,Harley
Player Given Name,usa,Harmony
Player Given Name,usa,Heidi
Player Given Name,usa,Hope
Player Given Name,usa,Irene
Player Given Name,usa,Iris
Player Given Name,usa,Isla
Player Given Name,usa,Ivy
Player Given Name,usa,Jacqueline
Player Given Name,usa,Jade
Player Given Name,usa,Jamie
Player Given Name,usa,Jane
Player Given Name,usa,Jean
Player Given Name,usa,Jenna
Player Given Name,usa,Jillian
Player Given Name,usa,Joan
Player Given Name,usa,Jocelyn
Player Given Name,usa,Josephine
Player Given Name,usa,Joy
Player Given Name,usa,Joyce
Player Given Name,usa,Juliana
Player Given Name,usa,Juliet
Player Given Name,usa,June
Player Given Name,usa,Juniper
Player Given Name,usa,Justine
Player Given Name,usa,Kacey
Player Given Name,usa,Karina
Player Given Name,usa,Karla
Player Given Name,usa,Katelyn
Player Given Name,usa,Keira
Player Given Name,usa,Kendall
Player Given Name,usa,Kira
Player Given Name,usa,Kirsten
Player Given Name,usa,Kristen
Player Given Name,usa,Kristina
Player Given Name,usa,Kyla
Player Given Name,usa,Lana
Player Given Name,usa,Lara
Player Given Name,usa,Lorelei
Player Given Name,usa,Maeve
Player Given Name,usa,Mallory
Player Given Name,usa,Matilda
Player Given Name,usa,Meredith
Player Given Name,usa,Natalia
Player Given Name,usa,Nina
Player Given Name,usa,Noelle
Player Given Name,usa,Octavia
Player Given Name,usa,Penelope
Player Given Name,usa,Piper
Player Given Name,usa,Ramona
Player Given Name,usa,Rosalind
Player Given Name,usa,Tessa
Player Given Name,usa,Valerie
Player Given Name,usa,Bex
Player Given Name,canada,Bridget
Player Given Name,canada,Natalie
Player Given Name,canada,Kia
Player Given Name,canada,Shai
Player Given Name,canada,Nayo
Player Given Name,canada,Miranda
Player Given Name,canada,Laeticia
Player Given Name,canada,Kayla
Player Given Name,canada,Shay
Player Given Name,canada,Sami
Player Given Name,canada,Mael
Player Given Name,canada,Taya
Player Given Name,canada,Sarah
Player Given Name,canada,Merissah
Player Given Name,canada,Aaliyah
Player Given Name,canada,Yvonne
Player Given Name,canada,Abigail
Player Given Name,canada,Cassandre
Player Given Name,canada,Syla
Player Given Name,canada,Frederique
Player Given Name,canada,Kim
Player Given Name,canada,Shona
Player Given Name,canada,Miah
Player Given Name,canada,Teresa
Player Given Name,canada,Katherine
Player Given Name,australia,Lauren
Player Given Name,australia,Ezi
Player Given Name,australia,Liz
Player Given Name,australia,Penny
Player Given Name,australia,Steph
Player Given Name,australia,Bec
Player Given Name,australia,Alanna
Player Given Name,australia,Kristy
Player Given Name,australia,Cayla
Player Given Name,australia,Marianna
Player Given Name,australia,Sami
Player Given Name,australia,Tiana
Player Given Name,australia,Darcee
Player Given Name,australia,Isobel
Player Given Name,australia,Jade
Player Given Name,australia,Shyla
Player Given Name,australia,Alice
Player Given Name,australia,Anneli
Player Given Name,australia,Maddison
Player Given Name,australia,Chloe
Player Given Name,australia,Sami
Player Given Name,australia,Jasmine
Player Given Name,australia,Opals
Player Given Name,australia,Keely
Player Given Name,australia,Molly
Player Given Name,belgium,Emma
Player Given Name,belgium,Julie
Player Given Name,belgium,Kyara
Player Given Name,belgium,Antonia
Player Given Name,belgium,Elise
Player Given Name,belgium,Hind
Player Given Name,belgium,Becky
Player Given Name,belgium,Maxuella
Player Given Name,belgium,Serena
Player Given Name,belgium,Billie
Player Given Name,belgium,Ine
Player Given Name,belgium,Laure
Player Given Name,belgium,Lies
Player Given Name,belgium,Nastja
Player Given Name,belgium,Noortje
Player Given Name,belgium,Katrien
Player Given Name,belgium,Jitte
Player Given Name,belgium,Merel
Player Given Name,belgium,Emilie
Player Given Name,belgium,Eline
Player Given Name,belgium,Hanne
Player Given Name,belgium,Marie
Player Given Name,belgium,Jana
Player Given Name,belgium,Heleen
Player Given Name,belgium,Sien
Player Given Name,brazil,Kamilla
Player Given Name,brazil,Janeth
Player Given Name,brazil,Damiris
Player Given Name,brazil,Clarissa
Player Given Name,brazil,Erika
Player Given Name,brazil,Iziane
Player Given Name,brazil,Adrian
Player Given Name,brazil,Carla
Player Given Name,brazil,Raphaella
Player Given Name,brazil,Taina
Player Given Name,brazil,Stephanie
Player Given Name,brazil,Marciane
Player Given Name,brazil,Patricio
Player Given Name,brazil,Geisa
Player Given Name,brazil,Joice
Player Given Name,brazil,Micaela
Player Given Name,brazil,Victoria
Player Given Name,brazil,Alana
Player Given Name,brazil,Leticia
Player Given Name,brazil,Sassá
Player Given Name,brazil,Silvia
Player Given Name,brazil,Alessandra
Player Given Name,brazil,Helen
Player Given Name,brazil,Cintia
Player Given Name,brazil,Kelly
Player Given Name,china,Han
Player Given Name,china,Meng
Player Given Name,china,Siyu
Player Given Name,china,Li
Player Given Name,china,Yuan
Player Given Name,china,Xu
Player Given Name,china,Shao
Player Given Name,china,Wu
Player Given Name,china,Zhang
Player Given Name,china,Wang
Player Given Name,china,Chen
Player Given Name,china,Liu
Player Given Name,china,Yang
Player Given Name,china,Huang
Player Given Name,china,Zheng
Player Given Name,china,Sun
Player Given Name,china,Zhu
Player Given Name,china,Guo
Player Given Name,china,Qian
Player Given Name,china,Pan
Player Given Name,china,Li
Player Given Name,china,Chen
Player Given Name,china,Wang
Player Given Name,china,Zhang
Player Given Name,china,Liu
Player Given Name,czechRepublic,Veronika
Player Given Name,czechRepublic,Katerina
Player Given Name,czechRepublic,Alena
Player Given Name,czechRepublic,Michaela
Player Given Name,czechRepublic,Petra
Player Given Name,czechRepublic,Lucie
Player Given Name,czechRepublic,Tereza
Player Given Name,czechRepublic,Gabriela
Player Given Name,czechRepublic,Eva
Player Given Name,czechRepublic,Hana
Player Given Name,czechRepublic,Marketa
Player Given Name,czechRepublic,Zuzana
Player Given Name,czechRepublic,Lenka
Player Given Name,czechRepublic,Jana
Player Given Name,czechRepublic,Kamila
Player Given Name,czechRepublic,Barbora
Player Given Name,czechRepublic,Klera
Player Given Name,czechRepublic,Monika
Player Given Name,czechRepublic,Radka
Player Given Name,czechRepublic,Adela
Player Given Name,czechRepublic,Ilona
Player Given Name,czechRepublic,Michaela
Player Given Name,czechRepublic,Romana
Player Given Name,czechRepublic,Jana
Player Given Name,czechRepublic,Tereza
Player Given Name,finland,Awk
Player Given Name,finland,Elina
Player Given Name,finland,Linda-Lotta
Player Given Name,finland,Sofia
Player Given Name,finland,Anni
Player Given Name,finland,Sara
Player Given Name,finland,Roosa
Player Given Name,finland,Lotta-Maj
Player Given Name,finland,Helmi
Player Given Name,finland,Mari
Player Given Name,finland,Kaisa
Player Given Name,finland,Merja
Player Given Name,finland,Hanna
Player Given Name,finland,Minna
Player Given Name,finland,Katja
Player Given Name,finland,Tiina
Player Given Name,finland,Johanna
Player Given Name,finland,Pia
Player Given Name,finland,Susanna
Player Given Name,finland,Riikka
Player Given Name,finland,Vilma
Player Given Name,finland,Noora
Player Given Name,finland,Emmi
Player Given Name,finland,Veera
Player Given Name,finland,Tuuli
Player Given Name,france,Marine
Player Given Name,france,Dominique
Player Given Name,france,Sandrine
Player Given Name,france,Valeriane
Player Given Name,france,Iliana
Player Given Name,france,Gabby
Player Given Name,france,Sarah
Player Given Name,france,Alexia
Player Given Name,france,Janelle
Player Given Name,france,Mamignan
Player Given Name,france,Valerie
Player Given Name,france,Helena
Player Given Name,france,Pauline
Player Given Name,france,Romane
Player Given Name,france,Karisma
Player Given Name,france,Marie
Player Given Name,france,Carla
Player Given Name,france,Leila
Player Given Name,france,Kadiatou
Player Given Name,france,Janelle
Player Given Name,france,Sandrine
Player Given Name,france,Endene
Player Given Name,france,Celine
Player Given Name,france,Emmanuelle
Player Given Name,france,Aby
Player Given Name,germany,Leonie
Player Given Name,germany,Satou
Player Given Name,germany,Marie
Player Given Name,germany,Sonja
Player Given Name,germany,Luisa
Player Given Name,germany,Alexis
Player Given Name,germany,Romy
Player Given Name,germany,Emily
Player Given Name,germany,Laura
Player Given Name,germany,Frieda
Player Given Name,germany,Lena
Player Given Name,germany,Sarah
Player Given Name,germany,Lisa
Player Given Name,germany,Anna
Player Given Name,germany,Julia
Player Given Name,germany,Franziska
Player Given Name,germany,Katrin
Player Given Name,germany,Nadine
Player Given Name,germany,Melanie
Player Given Name,germany,Sabrina
Player Given Name,germany,Ina
Player Given Name,germany,Jennifer
Player Given Name,germany,Romy
Player Given Name,germany,Ama
Player Given Name,germany,Leonor
Player Given Name,greece,Artemis
Player Given Name,greece,Evanthia
Player Given Name,greece,Angeliki
Player Given Name,greece,Mariella
Player Given Name,greece,Ioanna
Player Given Name,greece,Pinelopi
Player Given Name,greece,Stella
Player Given Name,greece,Elena
Player Given Name,greece,Afroditi
Player Given Name,greece,Anna
Player Given Name,greece,Vasiliki
Player Given Name,greece,Christina
Player Given Name,greece,Georgia
Player Given Name,greece,Eleni
Player Given Name,greece,Katerina
Player Given Name,greece,Danai
Player Given Name,greece,Styliani
Player Given Name,greece,Zoi
Player Given Name,greece,Panagiota
Player Given Name,greece,Sofia
Player Given Name,greece,Evi
Player Given Name,greece,Styliani
Player Given Name,greece,Aggeliki
Player Given Name,greece,Katerina
Player Given Name,greece,Afroditi
Player Given Name,hungary,Dora
Player Given Name,hungary,Bernadett
Player Given Name,hungary,Cyesha
Player Given Name,hungary,Virag
Player Given Name,hungary,Debora
Player Given Name,hungary,Reka
Player Given Name,hungary,Katalin
Player Given Name,hungary,Agnes
Player Given Name,hungary,Nikolett
Player Given Name,hungary,Barbara
Player Given Name,hungary,Anita
Player Given Name,hungary,Zsofia
Player Given Name,hungary,Eszter
Player Given Name,hungary,Orsolya
Player Given Name,hungary,Kitti
Player Given Name,hungary,Viktoria
Player Given Name,hungary,Flora
Player Given Name,hungary,Roxana
Player Given Name,hungary,Kinga
Player Given Name,hungary,Lilla
Player Given Name,hungary,Reka
Player Given Name,hungary,Krisztina
Player Given Name,hungary,Zsofia
Player Given Name,hungary,Eszter
Player Given Name,hungary,Nikolett
Player Given Name,italy,Cecilia
Player Given Name,italy,Martina
Player Given Name,italy,Francesca
Player Given Name,italy,Jasmine
Player Given Name,italy,Costanza
Player Given Name,italy,Beatrice
Player Given Name,italy,Sara
Player Given Name,italy,Olga
Player Given Name,italy,Valeria
Player Given Name,italy,Silvia
Player Given Name,italy,Giorgia
Player Given Name,italy,Chiara
Player Given Name,italy,Elena
Player Given Name,italy,Laura
Player Given Name,italy,Federica
Player Given Name,italy,Caterina
Player Given Name,italy,Alessia
Player Given Name,italy,Martina
Player Given Name,italy,Nicole
Player Given Name,italy,Matilde
Player Given Name,italy,Gaia
Player Given Name,italy,Nicole
Player Given Name,italy,Francesca
Player Given Name,italy,Chiara
Player Given Name,italy,Martina
Player Given Name,mexico,Gabriela
Player Given Name,mexico,Sofia
Player Given Name,mexico,Alejandra
Player Given Name,mexico,Fernanda
Player Given Name,mexico,Maria
Player Given Name,mexico,Valentina
Player Given Name,mexico,Ximena
Player Given Name,mexico,Camila
Player Given Name,mexico,Mariana
Player Given Name,mexico,Victoria
Player Given Name,mexico,Renata
Player Given Name,mexico,Daniela
Player Given Name,mexico,Regina
Player Given Name,mexico,Valeria
Player Given Name,mexico,Lucia
Player Given Name,mexico,Andrea
Player Given Name,mexico,Paula
Player Given Name,mexico,Sara
Player Given Name,mexico,Jimena
Player Given Name,mexico,Natalia
Player Given Name,mexico,Paulina
Player Given Name,mexico,Ana
Player Given Name,mexico,Carmen
Player Given Name,mexico,Rosa
Player Given Name,mexico,Elena
Player Given Name,nigeria,Evelyn
Player Given Name,nigeria,Amy
Player Given Name,nigeria,Promise
Player Given Name,nigeria,Adaora
Player Given Name,nigeria,Murjanatu
Player Given Name,nigeria,Pallas
Player Given Name,nigeria,Sarah
Player Given Name,nigeria,Elizabeth
Player Given Name,nigeria,Victoria
Player Given Name,nigeria,Blessing
Player Given Name,nigeria,Ruth
Player Given Name,nigeria,Patience
Player Given Name,nigeria,Mercy
Player Given Name,nigeria,Joy
Player Given Name,nigeria,Deborah
Player Given Name,nigeria,Hauwa
Player Given Name,nigeria,Nkechi
Player Given Name,nigeria,Chidinma
Player Given Name,nigeria,Ogechi
Player Given Name,nigeria,Chinwe
Player Given Name,nigeria,Nkem
Player Given Name,nigeria,Upe
Player Given Name,nigeria,Ngozi
Player Given Name,nigeria,Chioma
Player Given Name,nigeria,Ify
Player Given Name,senegal,Astou
Player Given Name,senegal,Oumou
Player Given Name,senegal,Mame-Marie
Player Given Name,senegal,Yacine
Player Given Name,senegal,Bintou
Player Given Name,senegal,Fatou
Player Given Name,senegal,Aminata
Player Given Name,senegal,Sokhna
Player Given Name,senegal,Ndeye
Player Given Name,senegal,Khadija
Player Given Name,senegal,Rokhaya
Player Given Name,senegal,Aicha
Player Given Name,senegal,Mariama
Player Given Name,senegal,Coumba
Player Given Name,senegal,Mously
Player Given Name,senegal,Adama
Player Given Name,senegal,Awa
Player Given Name,senegal,Korka
Player Given Name,senegal,Bineta
Player Given Name,senegal,Seynabou
Player Given Name,senegal,Fatou
Player Given Name,senegal,Astou
Player Given Name,senegal,Oumou
Player Given Name,senegal,Mame
Player Given Name,senegal,Bineta
Player Given Name,serbia,Ana
Player Given Name,serbia,Sonja
Player Given Name,serbia,Jelena
Player Given Name,serbia,Nevena
Player Given Name,serbia,Saša
Player Given Name,serbia,Dragana
Player Given Name,serbia,Tamara
Player Given Name,serbia,Tina
Player Given Name,serbia,Maja
Player Given Name,serbia,Aleksandra
Player Given Name,serbia,Ivana
Player Given Name,serbia,Katarina
Player Given Name,serbia,Milica
Player Given Name,serbia,Jovana
Player Given Name,serbia,Sanja
Player Given Name,serbia,Bojana
Player Given Name,serbia,Olga
Player Given Name,serbia,Vladana
Player Given Name,serbia,Sofija
Player Given Name,serbia,Nina
Player Given Name,serbia,Dajana
Player Given Name,serbia,Nevena
Player Given Name,serbia,Jelena
Player Given Name,serbia,Ana
Player Given Name,serbia,Sara
Player Given Name,slovenia,Nika
Player Given Name,slovenia,Teja
Player Given Name,slovenia,Eva
Player Given Name,slovenia,Zala
Player Given Name,slovenia,Tina
Player Given Name,slovenia,Sara
Player Given Name,slovenia,Annamaria
Player Given Name,slovenia,Blanka
Player Given Name,slovenia,Maruša
Player Given Name,slovenia,Aleksandra
Player Given Name,slovenia,Ajša
Player Given Name,slovenia,Manca
Player Given Name,slovenia,Lea
Player Given Name,slovenia,Hana
Player Given Name,slovenia,Kaja
Player Given Name,slovenia,Katja
Player Given Name,slovenia,Tjaša
Player Given Name,slovenia,Urška
Player Given Name,slovenia,Lara
Player Given Name,slovenia,Pia
Player Given Name,slovenia,Anja
Player Given Name,slovenia,Zala
Player Given Name,slovenia,Teja
Player Given Name,slovenia,Larisa
Player Given Name,slovenia,Sandra
Player Given Name,spain,Astou
Player Given Name,spain,Alba
Player Given Name,spain,Maite
Player Given Name,spain,Laura
Player Given Name,spain,Cristina
Player Given Name,spain,Silvia
Player Given Name,spain,Leticia
Player Given Name,spain,Queralt
Player Given Name,spain,Paula
Player Given Name,spain,Maria
Player Given Name,spain,Awa
Player Given Name,spain,Andrea
Player Given Name,spain,Elena
Player Given Name,spain,Mariona
Player Given Name,spain,Nerea
Player Given Name,spain,Iyana
Player Given Name,spain,Belen
Player Given Name,spain,Helena
Player Given Name,spain,Txell
Player Given Name,spain,Angela
Player Given Name,spain,Lucila
Player Given Name,spain,Carmen
Player Given Name,spain,Laura
Player Given Name,spain,Marta
Player Given Name,spain,Georgina
Player Given Name,turkey,Tilbe
Player Given Name,turkey,Iagupova
Player Given Name,turkey,Olcay
Player Given Name,turkey,Pelin
Player Given Name,turkey,Bahar
Player Given Name,turkey,Sevgi
Player Given Name,turkey,Asena
Player Given Name,turkey,Elif
Player Given Name,turkey,Kardelen
Player Given Name,turkey,Inci
Player Given Name,turkey,Derin
Player Given Name,turkey,Melis
Player Given Name,turkey,Cansu
Player Given Name,turkey,Ayse
Player Given Name,turkey,Esra
Player Given Name,turkey,Gizem
Player Given Name,turkey,Birsel
Player Given Name,turkey,Cagla
Player Given Name,turkey,Tugba
Player Given Name,turkey,Iilayda
Player Given Name,turkey,Melis
Player Given Name,turkey,Ayse
Player Given Name,turkey,Tugce
Player Given Name,turkey,Pelin
Player Surname,usa,Wilson
Player Surname,usa,Stewart
Player Surname,usa,Gray
Player Surname,usa,Loyd
Player Surname,usa,Diggins
Player Surname,usa,Ogwumike
Player Surname,usa,Parker
Player Surname,usa,Griner
Player Surname,usa,Taurasi
Player Surname,usa,Copper
Player Surname,usa,Thomas
Player Surname,usa,Collier
Player Surname,usa,Ionescu
Player Surname,usa,Jones
Player Surname,usa,Cloud
Player Surname,usa,Hamby
Player Surname,usa,Gray
Player Surname,usa,McBride
Player Surname,usa,Plum
Player Surname,usa,Hayes
Player Surname,usa,Fowles
Player Surname,usa,Catchings
Player Surname,usa,Leslie
Player Surname,usa,Thompson
Player Surname,usa,Augustus
Player Surname,usa,Reese
Player Surname,usa,Clark
Player Surname,usa,Cardoso
Player Surname,usa,Boston
Player Surname,usa,Hull
Player Surname,usa,Davis
Player Surname,usa,Johnson
Player Surname,usa,Smith
Player Surname,usa,Williams
Player Surname,usa,Brown
Player Surname,usa,Moore
Player Surname,usa,Walker
Player Surname,usa,Young
Player Surname,usa,Jackson
Player Surname,usa,Harris
Player Surname,usa,Anderson
Player Surname,usa,Taylor
Player Surname,usa,Martin
Player Surname,usa,White
Player Surname,usa,Garcia
Player Surname,usa,Miller
Player Surname,usa,Robinson
Player Surname,usa,Clark
Player Surname,usa,Rodriguez
Player Surname,usa,Lewis
Player Surname,usa,Lee
Player Surname,usa,Allen
Player Surname,usa,King
Player Surname,usa,Wright
Player Surname,usa,Scott
Player Surname,usa,Green
Player Surname,usa,Baker
Player Surname,usa,Hill
Player Surname,usa,Nelson
Player Surname,usa,Carter
Player Surname,usa,Mitchell
Player Surname,usa,Roberts
Player Surname,usa,Phillips
Player Surname,usa,Evans
Player Surname,usa,Turner
Player Surname,usa,Torres
Player Surname,usa,Parker
Player Surname,usa,Collins
Player Surname,usa,Edwards
Player Surname,usa,Stewart
Player Surname,usa,Flores
Player Surname,usa,Morris
Player Surname,usa,Nguyen
Player Surname,usa,Murphy
Player Surname,usa,Rivera
Player Surname,usa,Cook
Player Surname,usa,Rogers
Player Surname,usa,Morgan
Player Surname,usa,Peterson
Player Surname,usa,Cooper
Player Surname,usa,Reed
Player Surname,usa,Bailey
Player Surname,usa,Bell
Player Surname,usa,Gomez
Player Surname,usa,Murphy
Player Surname,usa,Bailey
Player Surname,usa,Rivera
Player Surname,usa,Cooper
Player Surname,usa,Richardson
Player Surname,usa,Cox
Player Surname,usa,Howard
Player Surname,usa,Ward
Player Surname,usa,Torres
Player Surname,usa,Peterson
Player Surname,usa,Gray
Player Surname,usa,Ramirez
Player Surname,usa,James
Player Surname,usa,Watson
Player Surname,usa,Brooks
Player Surname,usa,Kelly
Player Surname,usa,Sanders
Player Surname,usa,Price
Player Surname,usa,Bennett
Player Surname,usa,Wood
Player Surname,usa,Barnes
Player Surname,usa,Ross
Player Surname,usa,Henderson
Player Surname,usa,Coleman
Player Surname,usa,Jenkins
Player Surname,usa,Perry
Player Surname,usa,Powell
Player Surname,usa,Long
Player Surname,usa,Patterson
Player Surname,usa,Hughes
Player Surname,usa,Flores
Player Surname,usa,Washington
Player Surname,usa,Butler
Player Surname,usa,Simmons
Player Surname,usa,Foster
Player Surname,usa,Gonzales
Player Surname,usa,Bryant
Player Surname,usa,Alexander
Player Surname,usa,Russell
Player Surname,usa,Griffin
Player Surname,usa,Diaz
Player Surname,usa,Hayes
Player Surname,usa,Myers
Player Surname,usa,Ford
Player Surname,usa,Hamilton
Player Surname,usa,Graham
Player Surname,usa,Sullivan
Player Surname,usa,Wallace
Player Surname,usa,Woods
Player Surname,usa,Cole
Player Surname,usa,West
Player Surname,usa,Jordan
Player Surname,usa,Owens
Player Surname,usa,Reynolds
Player Surname,usa,Fisher
Player Surname,usa,Ellis
Player Surname,usa,Harrison
Player Surname,usa,Gibson
Player Surname,usa,Macdonald
Player Surname,usa,Marshall
Player Surname,usa,Wells
Player Surname,usa,Simpson
Player Surname,usa,Stevens
Player Surname,usa,Tucker
Player Surname,usa,Porter
Player Surname,usa,Hunter
Player Surname,usa,Okafor
Player Surname,usa,Adeyemi
Player Surname,usa,Mensah
Player Surname,usa,Osei
Player Surname,usa,Diallo
Player Surname,usa,Traore
Player Surname,usa,Kone
Player Surname,usa,Nakamura
Player Surname,usa,Watanabe
Player Surname,usa,Kim
Player Surname,usa,Park
Player Surname,usa,Tran
Player Surname,usa,Singh
Player Surname,usa,Patel
Player Surname,usa,Sharma
Player Surname,usa,Kaur
Player Surname,usa,Martinez
Player Surname,usa,Hernandez
Player Surname,usa,Lopez
Player Surname,usa,Silva
Player Surname,usa,Costa
Player Surname,usa,Almeida
Player Surname,usa,Petrov
Player Surname,usa,Ivanova
Player Surname,usa,Kowalski
Player Surname,usa,Nowak
Player Surname,usa,Novak
Player Surname,usa,Andersson
Player Surname,usa,Larsen
Player Surname,usa,Johansson
Player Surname,usa,O'Brien
Player Surname,usa,Clarke
Player Surname,usa,Abbott
Player Surname,usa,Abernathy
Player Surname,usa,Ackerman
Player Surname,usa,Adderley
Player Surname,usa,Aguilar
Player Surname,usa,Alcott
Player Surname,usa,Aldridge
Player Surname,usa,Andersen
Player Surname,usa,Angelopoulos
Player Surname,usa,Antoniou
Player Surname,usa,Appleton
Player Surname,usa,Archer
Player Surname,usa,Arrington
Player Surname,usa,Ash
Player Surname,usa,Ashford
Player Surname,usa,Atkins
Player Surname,usa,Bakas
Player Surname,usa,Bancroft
Player Surname,usa,Bannister
Player Surname,usa,Barksdale
Player Surname,usa,Barron
Player Surname,usa,Bartholomew
Player Surname,usa,Bauer
Player Surname,usa,Bautista
Player Surname,usa,Baxter
Player Surname,usa,Beauchamp
Player Surname,usa,Beaumont
Player Surname,usa,Becker
Player Surname,usa,Bernard
Player Surname,usa,Bianchi
Player Surname,usa,Black
Player Surname,usa,Blackwood
Player Surname,usa,Blevins
Player Surname,usa,Bolton
Player Surname,usa,Bouchard
Player Surname,usa,Bowers
Player Surname,usa,Braxton
Player Surname,usa,Brennan
Player Surname,usa,Browne
Player Surname,usa,Bruno
Player Surname,usa,Buchanan
Player Surname,usa,Callahan
Player Surname,usa,Calloway
Player Surname,usa,Cameron
Player Surname,usa,Campbell
Player Surname,usa,Cantrell
Player Surname,usa,Carlson
Player Surname,usa,Carmichael
Player Surname,usa,Carrington
Player Surname,usa,Carver
Player Surname,usa,Cash
Player Surname,usa,Cassidy
Player Surname,usa,Castillo
Player Surname,usa,Cervantes
Player Surname,usa,Chambers
Player Surname,usa,Christodoulou
Player Surname,usa,Cohen
Player Surname,usa,Colombo
Player Surname,usa,Colquhoun
Player Surname,usa,Compton
Player Surname,usa,Conti
Player Surname,usa,Conway
Player Surname,usa,Côté
Player Surname,usa,Crookshank
Player Surname,usa,Dalton
Player Surname,usa,Daniels
Player Surname,usa,Daugherty
Player Surname,usa,Davenport
Player Surname,usa,Davies
Player Surname,usa,Dawson
Player Surname,usa,De Luca
Player Surname,usa,Decker
Player Surname,usa,Delacroix
Player Surname,usa,Delgado
Player Surname,usa,Demetriou
Player Surname,usa,Devereux
Player Surname,usa,Dixon
Player Surname,usa,Dominguez
Player Surname,usa,Donovan
Player Surname,usa,Dorsey
Player Surname,usa,Doyle
Player Surname,usa,Driscoll
Player Surname,usa,Dubois
Player Surname,usa,Eastwood
Player Surname,usa,Eaton
Player Surname,usa,Eddington
Player Surname,usa,Edmonds
Player Surname,usa,Elderidge
Player Surname,usa,Elliott
Player Surname,usa,Ellsworth
Player Surname,usa,Emerson
Player Surname,usa,Epstein
Player Surname,usa,Erickson
Player Surname,usa,Espinoza
Player Surname,usa,Esposito
Player Surname,usa,Estes
Player Surname,usa,Everett
Player Surname,usa,Ewing
Player Surname,usa,Fairbanks
Player Surname,usa,Falconer
Player Surname,usa,Faraday
Player Surname,usa,Farley
Player Surname,usa,Farrell
Player Surname,usa,Faulkner
Player Surname,usa,Feldman
Player Surname,usa,Ferrari
Player Surname,usa,Finch
Player Surname,usa,Finley
Player Surname,usa,Fischer
Player Surname,usa,Fitzgerald
Player Surname,usa,Fitzpatrick
Player Surname,usa,Flanagan
Player Surname,usa,Fletcher
Player Surname,usa,Foley
Player Surname,usa,Forbes
Player Surname,usa,Fortin
Player Surname,usa,Franklin
Player Surname,usa,Fraser
Player Surname,usa,Friedman
Player Surname,usa,Friese
Player Surname,usa,Fritz
Player Surname,usa,Fuentes
Player Surname,usa,Gagné
Player Surname,usa,Gagnon
Player Surname,usa,Gallagher
Player Surname,usa,Gallo
Player Surname,usa,Galloway
Player Surname,usa,García
Player Surname,usa,Garner
Player Surname,usa,Garrison
Player Surname,usa,Gauthier
Player Surname,usa,Gentry
Player Surname,usa,Georgiou
Player Surname,usa,Giannopoulos
Player Surname,usa,Gilmore
Player Surname,usa,Giordano
Player Surname,usa,Goddard
Player Surname,usa,Goldberg
Player Surname,usa,Gonzalez
Player Surname,usa,Goodfellow
Player Surname,usa,Gorkowski
Player Surname,usa,Greco
Player Surname,usa,Greene
Player Surname,usa,Grenville
Player Surname,usa,Guerrero
Player Surname,usa,Gutierrez
Player Surname,usa,Hale
Player Surname,usa,Hammond
Player Surname,usa,Hampton
Player Surname,usa,Harding
Player Surname,usa,Hargrove
Player Surname,usa,Harrington
Player Surname,usa,Hartwell
Player Surname,usa,Hastings
Player Surname,usa,Hawthorne
Player Surname,usa,Hendrix
Player Surname,usa,Hensley
Player Surname,usa,Hernandoz
Player Surname,usa,Herrera
Player Surname,usa,Higgins
Player Surname,usa,Hodges
Player Surname,usa,Hoffmann
Player Surname,usa,Hollingsworth
Player Surname,usa,Holloway
Player Surname,usa,Hooper
Player Surname,usa,Hopkins
Player Surname,usa,Houston
Player Surname,usa,Hubbard
Player Surname,usa,Hurst
Player Surname,usa,Hyde
Player Surname,usa,Ibarra
Player Surname,usa,Iglesias
Player Surname,usa,Ingraham
Player Surname,usa,Ingram
Player Surname,usa,Ioannou
Player Surname,usa,Irvine
Player Surname,usa,Irwin
Player Surname,usa,Isherwood
Player Surname,usa,Ives
Player Surname,usa,Jameson
Player Surname,usa,Jankowski
Player Surname,usa,Jasper
Player Surname,usa,Jaxson
Player Surname,usa,Jefferson
Player Surname,usa,Jennings
Player Surname,usa,Jensen
Player Surname,usa,Jesperson
Player Surname,usa,Jimenez
Player Surname,usa,Jonez
Player Surname,usa,Jonson
Player Surname,usa,Kaiser
Player Surname,usa,Kaminski
Player Surname,usa,Kaplan
Player Surname,usa,Karagiannis
Player Surname,usa,Katsaros
Player Surname,usa,Katz
Player Surname,usa,Kaufman
Player Surname,usa,Kearney
Player Surname,usa,Keegan
Player Surname,usa,Kellerman
Player Surname,usa,Kemp
Player Surname,usa,Kendall
Player Surname,usa,Kensington
Player Surname,usa,Kingsley
Player Surname,usa,Klein
Player Surname,usa,Kline
Player Surname,usa,Knox
Player Surname,usa,Koch
Player Surname,usa,Kostopoulos
Player Surname,usa,Kovač
Player Surname,usa,Kozlowski
Player Surname,usa,Lancaster
Player Surname,usa,Landry
Player Surname,usa,Langford
Player Surname,usa,Larimore
Player Surname,usa,Larson
Player Surname,usa,Lavoie
Player Surname,usa,Lawrence
Player Surname,usa,Lawson
Player Surname,usa,Lefevre
Player Surname,usa,Leibowitz
Player Surname,usa,Levy
Player Surname,usa,Lewandowski
Player Surname,usa,Lloyd
Player Surname,usa,Lockwood
Player Surname,usa,Lombardi
Player Surname,usa,Lopes
Player Surname,usa,López
Player Surname,usa,MacDonald
Player Surname,usa,MacGregor
Player Surname,usa,Macias
Player Surname,usa,MacKenzie
Player Surname,usa,MacLeod
Player Surname,usa,Maddox
Player Surname,usa,Mahoney
Player Surname,usa,Makridis
Player Surname,usa,Makris
Player Surname,usa,Malone
Player Surname,usa,Mancini
Player Surname,usa,Manning
Player Surname,usa,Marchetti
Player Surname,usa,Marino
Player Surname,usa,Marquardt
Player Surname,usa,Martínez
Player Surname,usa,Martyn
Player Surname,usa,Maxwell
Player Surname,usa,McDermott
Player Surname,usa,Medina
Player Surname,usa,Melk
Player Surname,usa,Mendoza
Player Surname,usa,Mercer
Player Surname,usa,Merriweather
Player Surname,usa,Meyer
Player Surname,usa,Michalopoulos
Player Surname,usa,Morales
Player Surname,usa,Moreau
Player Surname,usa,Moretti
Player Surname,usa,Morin
Player Surname,usa,Moure
Player Surname,usa,Mueller
Player Surname,usa,Müller
Player Surname,usa,Munro
Player Surname,usa,Myller
Player Surname,usa,Nash
Player Surname,usa,Navarro
Player Surname,usa,Neumann
Player Surname,usa,Neville
Player Surname,usa,Newton
Player Surname,usa,Nichols
Player Surname,usa,Nightingale
Player Surname,usa,Nikolaou
Player Surname,usa,Northwood
Player Surname,usa,Norton
Player Surname,usa,Novák
Player Surname,usa,Nunez
Player Surname,usa,O'Connor
Player Surname,usa,O'Donnell
Player Surname,usa,O'Neill
Player Surname,usa,Ogilvie
Player Surname,usa,Orozco
Player Surname,usa,Ortega
Player Surname,usa,Osborne
Player Surname,usa,Ostrander
Player Surname,usa,Padilla
Player Surname,usa,Palmer
Player Surname,usa,Panagiotopoulos
Player Surname,usa,Papadopoulos
Player Surname,usa,Pappas
Player Surname,usa,Parsons
Player Surname,usa,Pearson
Player Surname,usa,Pemberton
Player Surname,usa,Po
Player Surname,usa,Popescu
Player Surname,usa,Prescott
Player Surname,usa,Quigley
Player Surname,usa,Quinlan
Player Surname,usa,Quinn
Player Surname,usa,Quintana
Player Surname,usa,Qureshi
Player Surname,usa,Radcliffe
Player Surname,usa,Ramsey
Player Surname,usa,Randall
Player Surname,usa,Redmond
Player Surname,usa,Reeves
Player Surname,usa,Renault
Player Surname,usa,Reyes
Player Surname,usa,Ricci
Player Surname,usa,Richter
Player Surname,usa,Rios
Player Surname,usa,Rizzo
Player Surname,usa,Romano
Player Surname,usa,Romero
Player Surname,usa,Rosenberg
Player Surname,usa,Rossi
Player Surname,usa,Rothenstein
Player Surname,usa,Roy
Player Surname,usa,Russo
Player Surname,usa,Samaras
Player Surname,usa,Sampson
Player Surname,usa,Sánchez
Player Surname,usa,Sandoval
Player Surname,usa,Schaefer
Player Surname,usa,Schmidt
Player Surname,usa,Schneider
Player Surname,usa,Schroeder
Player Surname,usa,Schulz
Player Surname,usa,Schwarz
Player Surname,usa,Shapiro
Player Surname,usa,Sinclair
Player Surname,usa,Smithe
Player Surname,usa,Sommers
Player Surname,usa,Stanton
Player Surname,usa,Stanwick
Player Surname,usa,Stern
Player Surname,usa,Sutton
Player Surname,usa,Szymanski
Player Surname,usa,Tanner
Player Surname,usa,Tate
Player Surname,usa,Tayler
Player Surname,usa,Thatcher
Player Surname,usa,Thistlewood
Player Surname,usa,Thommas
Player Surname,usa,Tremblay
Player Surname,usa,Ulloa
Player Surname,usa,Underwood
Player Surname,usa,Upton
Player Surname,usa,Uribe
Player Surname,usa,Valcourt
Player Surname,usa,Valentine
Player Surname,usa,Vanbrough
Player Surname,usa,Vance
Player Surname,usa,Vargas
Player Surname,usa,Vaughan
Player Surname,usa,Vega
Player Surname,usa,Vlahos
Player Surname,usa,Wagner
Player Surname,usa,Walsh
Player Surname,usa,Walton
Player Surname,usa,Watts
Player Surname,usa,Weber
Player Surname,usa,Westbrook
Player Surname,usa,Whitmore
Player Surname,usa,Wilkshire
Player Surname,usa,Willson
Player Surname,usa,Wisniewski
Player Surname,usa,Wolf
Player Surname,usa,Wozniak
Player Surname,usa,Wylliams
Player Surname,usa,Xander
Player Surname,usa,Yarborough
Player Surname,usa,Yates
Player Surname,usa,Yoder
Player Surname,usa,York
Player Surname,usa,Zamora
Player Surname,usa,Zappa
Player Surname,usa,Zellweger
Player Surname,usa,Zielinski
Player Surname,usa,Ziemann
Player Surname,usa,Zimmerman
Player Surname,usa,Zimmermann
Player Surname,usa,Zuniga
Player Surname,usa,Goldthwaite
Player Surname,canada,Carleton
Player Surname,canada,Achonwa
Player Surname,canada,Nurse
Player Surname,canada,Colley
Player Surname,canada,Raincock
Player Surname,canada,Ayim
Player Surname,canada,Amihere
Player Surname,canada,Alexander
Player Surname,canada,Gilles
Player Surname,canada,Hill
Player Surname,canada,Bouchard
Player Surname,canada,Hansford
Player Surname,canada,Pellington
Player Surname,canada,Russell
Player Surname,canada,Edwards
Player Surname,canada,Anderson
Player Surname,canada,Brossard
Player Surname,canada,Prosper
Player Surname,canada,Swart
Player Surname,canada,Grymek
Player Surname,canada,Gaucher
Player Surname,canada,Thorburn
Player Surname,canada,Langlois
Player Surname,canada,Plouffe
Player Surname,canada,Murphy
Player Surname,australia,Jackson
Player Surname,australia,Magbegor
Player Surname,australia,Cambage
Player Surname,australia,Taylor
Player Surname,australia,Talbot
Player Surname,australia,Allen
Player Surname,australia,Smith
Player Surname,australia,Wallace
Player Surname,australia,George
Player Surname,australia,Tolo
Player Surname,australia,Whitcomb
Player Surname,australia,Mangakahia
Player Surname,australia,Garbin
Player Surname,australia,Borlase
Player Surname,australia,Melbourne
Player Surname,australia,Heal
Player Surname,australia,Kunek
Player Surname,australia,Maley
Player Surname,australia,Rochci
Player Surname,australia,Sharp
Player Surname,australia,Bishop
Player Surname,australia,Cox
Player Surname,australia,Brown
Player Surname,australia,Froling
Player Surname,australia,Batkovic
Player Surname,belgium,Meesseman
Player Surname,belgium,Vanloo
Player Surname,belgium,Linskens
Player Surname,belgium,Delaere
Player Surname,belgium,Ramette
Player Surname,belgium,Ben Abdelkader
Player Surname,belgium,Massey
Player Surname,belgium,Lisowa
Player Surname,belgium,Geldof
Player Surname,belgium,Vervaet
Player Surname,belgium,Vander
Player Surname,belgium,Nauwelaers
Player Surname,belgium,Resimont
Player Surname,belgium,Claessens
Player Surname,belgium,Hollants
Player Surname,belgium,Smekens
Player Surname,belgium,Meertens
Player Surname,belgium,Van
Player Surname,belgium,Peeters
Player Surname,belgium,Wauters
Player Surname,belgium,Joris
Player Surname,belgium,Leblon
Player Surname,belgium,Devliegher
Player Surname,belgium,Kesteloot
Player Surname,belgium,Benge
Player Surname,brazil,Cardoso
Player Surname,brazil,Arcain
Player Surname,brazil,Dantas
Player Surname,brazil,dos Santos
Player Surname,brazil,de Souza
Player Surname,brazil,Castro
Player Surname,brazil,Pinto
Player Surname,brazil,Monteiro
Player Surname,brazil,Monteiro
Player Surname,brazil,Paixao
Player Surname,brazil,Soares
Player Surname,brazil,Marques
Player Surname,brazil,Goncalves
Player Surname,brazil,Oliveira
Player Surname,brazil,Ribeiro
Player Surname,brazil,Cavalcanti
Player Surname,brazil,Silva
Player Surname,brazil,Costa
Player Surname,brazil,Azevedo
Player Surname,brazil,Moura
Player Surname,brazil,Gustavo
Player Surname,brazil,Oliveira
Player Surname,brazil,Luz
Player Surname,brazil,Santos
Player Surname,brazil,Ferreira
Player Surname,china,Xu
Player Surname,china,Gao
Player Surname,china,Wang
Player Surname,china,Li
Player Surname,china,Zhang
Player Surname,china,Chen
Player Surname,china,Liu
Player Surname,china,Yang
Player Surname,china,Huang
Player Surname,china,Zhao
Player Surname,china,Wu
Player Surname,china,Zhou
Player Surname,china,Xu
Player Surname,china,Sun
Player Surname,china,Ma
Player Surname,china,Zhu
Player Surname,china,Hu
Player Surname,china,Guo
Player Surname,china,Lin
Player Surname,china,He
Player Surname,china,Gong
Player Surname,china,Miao
Player Surname,china,Chen
Player Surname,china,Song
Player Surname,china,Sui
Player Surname,czechRepublic,Voračková
Player Surname,czechRepublic,Elhotová
Player Surname,czechRepublic,Bartoňová
Player Surname,czechRepublic,Hanušová
Player Surname,czechRepublic,Burgrová
Player Surname,czechRepublic,Veselá
Player Surname,czechRepublic,Vyoralová
Player Surname,czechRepublic,Šujanová
Player Surname,czechRepublic,Reisingerová
Player Surname,czechRepublic,Štěpánová
Player Surname,czechRepublic,Březinová
Player Surname,czechRepublic,Vacková
Player Surname,czechRepublic,Křížová
Player Surname,czechRepublic,Novotná
Player Surname,czechRepublic,Dvořáková
Player Surname,czechRepublic,Černá
Player Surname,czechRepublic,Procházková
Player Surname,czechRepublic,Kučerová
Player Surname,czechRepublic,Veselovská
Player Surname,czechRepublic,Horáková
Player Surname,czechRepublic,Burgrova
Player Surname,czechRepublic,Viteckova
Player Surname,czechRepublic,Horakova
Player Surname,czechRepublic,Kulichova
Player Surname,czechRepublic,Bartonova
Player Surname,finland,Kuier
Player Surname,finland,Koskimies
Player Surname,finland,Lehtoranta
Player Surname,finland,Yli
Player Surname,finland,Maki
Player Surname,finland,Salminen
Player Surname,finland,Pasanen
Player Surname,finland,Lahtinen
Player Surname,finland,Tuominen
Player Surname,finland,Jarvinen
Player Surname,finland,Nieminen
Player Surname,finland,Virtanen
Player Surname,finland,Korhonen
Player Surname,finland,Makinen
Player Surname,finland,Maki
Player Surname,finland,Hamalainen
Player Surname,finland,Laine
Player Surname,finland,Heikkinen
Player Surname,finland,Koskinen
Player Surname,finland,Jrvinen
Player Surname,finland,Kesanen
Player Surname,finland,Maki
Player Surname,finland,Korpivaara
Player Surname,finland,Tuukkanen
Player Surname,finland,Laine
Player Surname,france,Johannès
Player Surname,france,Malonga
Player Surname,france,Gruda
Player Surname,france,Vukosavljevic
Player Surname,france,Rupert
Player Surname,france,Williams
Player Surname,france,Michel
Player Surname,france,Chartereau
Player Surname,france,Salagnac
Player Surname,france,Toure
Player Surname,france,Illiana
Player Surname,france,Ciak
Player Surname,france,Paule
Player Surname,france,Bernies
Player Surname,france,Badiane
Player Surname,france,Djekoundade
Player Surname,france,Leite
Player Surname,france,Lacy
Player Surname,france,Sissoko
Player Surname,france,Diao
Player Surname,france,Miyem
Player Surname,france,Dumerc
Player Surname,france,Tchatchouang
Player Surname,france,Gaye
Player Surname,france,Fauthoux
Player Surname,germany,Fiebich
Player Surname,germany,Sabally
Player Surname,germany,Guenther
Player Surname,germany,Greinacher
Player Surname,germany,Geiselsoder
Player Surname,germany,Peterson
Player Surname,germany,Bahr
Player Surname,germany,Buescher
Player Surname,germany,Schild
Player Surname,germany,Müller
Player Surname,germany,Schmidt
Player Surname,germany,Schneider
Player Surname,germany,Fischer
Player Surname,germany,Weber
Player Surname,germany,Meyer
Player Surname,germany,Wagner
Player Surname,germany,Becker
Player Surname,germany,Hoffmann
Player Surname,germany,Schäfer
Player Surname,germany,Koch
Player Surname,germany,Guenther
Player Surname,germany,Hebecker
Player Surname,germany,Mawuli
Player Surname,germany,Brunckhorst
Player Surname,germany,Greinacher
Player Surname,greece,Spetsiotou
Player Surname,greece,Maltsi
Player Surname,greece,Nikolopoulou
Player Surname,greece,Fasoula
Player Surname,greece,Diela
Player Surname,greece,Pavlopoulou
Player Surname,greece,Kaltsidou
Player Surname,greece,Botsi
Player Surname,greece,Kosma
Player Surname,greece,Stamati
Player Surname,greece,Papadopoulou
Player Surname,greece,Vlachou
Player Surname,greece,Christinaki
Player Surname,greece,Karagianni
Player Surname,greece,Stilianou
Player Surname,greece,Gkougkoura
Player Surname,greece,Spyridopoulou
Player Surname,greece,Tsichla
Player Surname,greece,Samolada
Player Surname,greece,Gerostergiou
Player Surname,greece,Maltsi
Player Surname,greece,Kaltsidou
Player Surname,greece,Spanou
Player Surname,greece,Fasoula
Player Surname,greece,Kosma
Player Surname,hungary,Horvath
Player Surname,hungary,Hatar
Player Surname,hungary,Goree
Player Surname,hungary,Kiss
Player Surname,hungary,Dubei
Player Surname,hungary,Lelik
Player Surname,hungary,Varga
Player Surname,hungary,Nagy
Player Surname,hungary,Kovacs
Player Surname,hungary,Szabo
Player Surname,hungary,Toth
Player Surname,hungary,Molnar
Player Surname,hungary,Fekete
Player Surname,hungary,Balogh
Player Surname,hungary,Meszaros
Player Surname,hungary,Simons
Player Surname,hungary,Lakatos
Player Surname,hungary,Papp
Player Surname,hungary,Bogdan
Player Surname,hungary,Galgoczi
Player Surname,hungary,Krivacevic
Player Surname,hungary,Fegyverneky
Player Surname,hungary,Simon
Player Surname,hungary,Vajda
Player Surname,hungary,Kalisz
Player Surname,italy,Zandalasini
Player Surname,italy,Bestagno
Player Surname,italy,Pan
Player Surname,italy,Keys
Player Surname,italy,Verona
Player Surname,italy,Carangelo
Player Surname,italy,Cinili
Player Surname,italy,Romeu
Player Surname,italy,De
Player Surname,italy,Pezzani
Player Surname,italy,Rossi
Player Surname,italy,Ferrari
Player Surname,italy,Russo
Player Surname,italy,Bianchi
Player Surname,italy,Romano
Player Surname,italy,Gallo
Player Surname,italy,Costa
Player Surname,italy,Fontana
Player Surname,italy,Conti
Player Surname,italy,Esposito
Player Surname,italy,Zandalasini
Player Surname,italy,Andre
Player Surname,italy,Dotto
Player Surname,italy,Consolini
Player Surname,italy,Sottana
Player Surname,mexico,Gomez
Player Surname,mexico,Perez
Player Surname,mexico,Lopez
Player Surname,mexico,Rodriguez
Player Surname,mexico,Hernandez
Player Surname,mexico,Martinez
Player Surname,mexico,Gonzalez
Player Surname,mexico,Garcia
Player Surname,mexico,Sanchez
Player Surname,mexico,Ramirez
Player Surname,mexico,Cruz
Player Surname,mexico,Flores
Player Surname,mexico,Morales
Player Surname,mexico,Vazquez
Player Surname,mexico,Jimenez
Player Surname,mexico,Reyes
Player Surname,mexico,Diaz
Player Surname,mexico,Torres
Player Surname,mexico,Gutierrez
Player Surname,mexico,Ruiz
Player Surname,mexico,Mendoza
Player Surname,mexico,Aguilar
Player Surname,mexico,Ortiz
Player Surname,mexico,Alvarez
Player Surname,mexico,Castillo
Player Surname,nigeria,Akhator
Player Surname,nigeria,Okonkwo
Player Surname,nigeria,Amukamara
Player Surname,nigeria,Kalu
Player Surname,nigeria,Musa
Player Surname,nigeria,Kunaiyi
Player Surname,nigeria,Ogoke
Player Surname,nigeria,Balogun
Player Surname,nigeria,Chidom
Player Surname,nigeria,Edeferioka
Player Surname,nigeria,Adeayo
Player Surname,nigeria,Onyiah
Player Surname,nigeria,Ibekwe
Player Surname,nigeria,Uchendu
Player Surname,nigeria,Nnamaka
Player Surname,nigeria,Okoye
Player Surname,nigeria,Eze
Player Surname,nigeria,Nwosu
Player Surname,nigeria,Okafor
Player Surname,nigeria,Igwe
Player Surname,nigeria,Atosu
Player Surname,nigeria,Udeaja
Player Surname,nigeria,Okonkwo
Player Surname,nigeria,Ekeruche
Player Surname,nigeria,Sadiq
Player Surname,senegal,Traore
Player Surname,senegal,Thiam
Player Surname,senegal,Sy
Player Surname,senegal,Diop
Player Surname,senegal,Dieme
Player Surname,senegal,Badiane
Player Surname,senegal,Fall
Player Surname,senegal,Sene
Player Surname,senegal,Ba
Player Surname,senegal,Ndiaye
Player Surname,senegal,Cisse
Player Surname,senegal,Diallo
Player Surname,senegal,Gueye
Player Surname,senegal,Mbodj
Player Surname,senegal,Sow
Player Surname,senegal,Kane
Player Surname,senegal,Seck
Player Surname,senegal,Touré
Player Surname,senegal,Wane
Player Surname,senegal,Mbaye
Player Surname,senegal,Dieng
Player Surname,senegal,Traore
Player Surname,senegal,Sy
Player Surname,senegal,Diop
Player Surname,senegal,Fall
Player Surname,serbia,Dabović
Player Surname,serbia,Petrović
Player Surname,serbia,Brooks
Player Surname,serbia,Jovanović
Player Surname,serbia,Crnčević
Player Surname,serbia,Stanković
Player Surname,serbia,Radočaj
Player Surname,serbia,Krajisnik
Player Surname,serbia,Miljković
Player Surname,serbia,Vulić
Player Surname,serbia,Mandić
Player Surname,serbia,Živković
Player Surname,serbia,Đorđević
Player Surname,serbia,Marković
Player Surname,serbia,Nikolić
Player Surname,serbia,Popović
Player Surname,serbia,Ilić
Player Surname,serbia,Pavlović
Player Surname,serbia,Todorović
Player Surname,serbia,Antić
Player Surname,serbia,Butulija
Player Surname,serbia,Milovanović
Player Surname,serbia,Stanković
Player Surname,serbia,Dabović
Player Surname,serbia,Krnjić
Player Surname,slovenia,Mühl
Player Surname,slovenia,Oblak
Player Surname,slovenia,Lisec
Player Surname,slovenia,Friskovec
Player Surname,slovenia,Krajnc
Player Surname,slovenia,Goršič
Player Surname,slovenia,Jakovina
Player Surname,slovenia,Slónjak
Player Surname,slovenia,Senčar
Player Surname,slovenia,Kozlevčar
Player Surname,slovenia,Balažic
Player Surname,slovenia,Novak
Player Surname,slovenia,Horvat
Player Surname,slovenia,Kovač
Player Surname,slovenia,Zupančič
Player Surname,slovenia,Kralj
Player Surname,slovenia,Lah
Player Surname,slovenia,Vidmar
Player Surname,slovenia,Turk
Player Surname,slovenia,Božič
Player Surname,slovenia,Sofrić
Player Surname,slovenia,Ocvirk
Player Surname,slovenia,Oblak
Player Surname,slovenia,Potočnik
Player Surname,slovenia,Jakovina
Player Surname,spain,Ndour
Player Surname,spain,Torrens
Player Surname,spain,Cazorla
Player Surname,spain,Gil
Player Surname,spain,Ouviña
Player Surname,spain,Dominguez
Player Surname,spain,Romero
Player Surname,spain,Casas
Player Surname,spain,Gines
Player Surname,spain,Conde
Player Surname,spain,Dembele
Player Surname,spain,Vilaro
Player Surname,spain,Buenavida
Player Surname,spain,Ortiz
Player Surname,spain,Perez
Player Surname,spain,Martin
Player Surname,spain,Arrojo
Player Surname,spain,Alarcón
Player Surname,spain,Alarcón
Player Surname,spain,Salvatierra
Player Surname,spain,Pascua
Player Surname,spain,Abalde
Player Surname,spain,Gil
Player Surname,spain,Xargay
Player Surname,spain,Cruz
Player Surname,turkey,Nevriye
Player Surname,turkey,Şenyürek
Player Surname,turkey,Çakır
Player Surname,turkey,Cakir
Player Surname,turkey,Bilgiç
Player Surname,turkey,Çağlar
Player Surname,turkey,Uzun
Player Surname,turkey,Yalçın
Player Surname,turkey,Bayram
Player Surname,turkey,Akgün
Player Surname,turkey,Güçlü
Player Surname,turkey,Yılmaz
Player Surname,turkey,Kaya
Player Surname,turkey,Demir
Player Surname,turkey,Şahin
Player Surname,turkey,Çelik
Player Surname,turkey,Aydın
Player Surname,turkey,Özdemir
Player Surname,turkey,Arslan
Player Surname,turkey,Doğan
Player Surname,turkey,Kılıç
Player Surname,turkey,Guner
Player Surname,turkey,Kavurmacıoğlu
Player Surname,turkey,Canitez
Player Surname,turkey,Alben
Player Surname,turkey,Yilmaz

